country,country_iso2,country_iso3,continent,subregion,osm_facilities,with_name,with_operator,with_city,with_footprint,with_name_pct,with_operator_pct,with_city_pct,with_footprint_pct,log_facilities,size_class,cluster
United States of America,US,USA,North America,Northern America,1789,1350,1139,844,1650,75.46115148127446,63.66685299049748,47.17719396310788,92.230296254891,7.489970898834801,Very large (>100),1
France,FR,FRA,Europe,Western Europe,371,287,286,79,278,77.35849056603773,77.088948787062,21.29380053908356,74.93261455525607,5.918893854273146,Very large (>100),2
Germany,DE,DEU,Europe,Western Europe,300,208,184,146,260,69.33333333333333,61.333333333333336,48.666666666666664,86.66666666666667,5.707110264748875,Very large (>100),2
United Kingdom,GB,GBR,Europe,Northern Europe,293,241,205,143,264,82.25255972696246,69.96587030716724,48.80546075085324,90.10238907849829,5.683579767338681,Very large (>100),2
Netherlands,NL,NLD,Europe,Western Europe,167,114,103,81,98,68.26347305389221,61.67664670658683,48.50299401197605,58.68263473053892,5.123963979403259,Very large (>100),2
Australia,AU,AUS,Oceania,Australia and New Zealand,139,126,115,0,132,90.64748201438849,82.73381294964028,0.0,94.96402877697842,4.941642422609304,Very large (>100),0
Japan,JP,JPN,Asia,Eastern Asia,127,95,82,9,68,74.80314960629921,64.56692913385827,7.086614173228346,53.54330708661417,4.852030263919617,Very large (>100),0
China,CN,CHN,Asia,Eastern Asia,125,90,17,2,97,72.0,13.6,1.6,77.6,4.836281906951478,Very large (>100),0
Canada,CA,CAN,North America,Northern America,88,66,48,46,57,75.0,54.54545454545455,52.27272727272727,64.77272727272727,4.48863636973214,Large (26-100),0
Ireland,IE,IRL,Europe,Northern Europe,86,66,64,5,84,76.74418604651163,74.4186046511628,5.813953488372093,97.67441860465117,4.465908118654584,Large (26-100),0
Russia,RU,RUS,Europe,Eastern Europe,79,61,37,19,61,77.21518987341773,46.835443037974684,24.050632911392405,77.21518987341773,4.382026634673881,Large (26-100),0
India,IN,IND,Asia,Southern Asia,73,62,19,5,31,84.93150684931507,26.027397260273972,6.8493150684931505,42.465753424657535,4.30406509320417,Large (26-100),0
Italy,IT,ITA,Europe,Southern Europe,72,52,43,17,47,72.22222222222223,59.72222222222222,23.61111111111111,65.27777777777777,4.290459441148391,Large (26-100),0
Singapore,SG,SGP,Asia,South-Eastern Asia,60,56,8,51,10,93.33333333333333,13.333333333333334,85.0,16.666666666666668,4.110873864173311,Large (26-100),0
Brazil,BR,BRA,South America,South America,58,48,26,14,45,82.75862068965517,44.827586206896555,24.137931034482758,77.58620689655173,4.07753744390572,Large (26-100),0
South Africa,ZA,ZAF,Africa,Southern Africa,54,30,33,2,52,55.55555555555556,61.111111111111114,3.7037037037037037,96.29629629629629,4.007333185232471,Large (26-100),0
Spain,ES,ESP,Europe,Southern Europe,49,40,31,9,43,81.63265306122449,63.265306122448976,18.367346938775512,87.75510204081633,3.912023005428146,Large (26-100),0
Argentina,AR,ARG,South America,South America,43,33,18,5,23,76.74418604651163,41.86046511627907,11.627906976744185,53.48837209302326,3.784189633918261,Large (26-100),0
Belgium,BE,BEL,Europe,Western Europe,43,35,28,4,31,81.3953488372093,65.11627906976744,9.30232558139535,72.09302325581395,3.784189633918261,Large (26-100),0
New Zealand,NZ,NZL,Oceania,Australia and New Zealand,35,29,18,4,35,82.85714285714286,51.42857142857143,11.428571428571429,100.0,3.58351893845611,Large (26-100),0
Switzerland,CH,CHE,Europe,Western Europe,35,29,25,19,25,82.85714285714286,71.42857142857143,54.285714285714285,71.42857142857143,3.58351893845611,Large (26-100),0
Indonesia,ID,IDN,Asia,South-Eastern Asia,33,32,25,4,21,96.96969696969697,75.75757575757575,12.121212121212121,63.63636363636363,3.5263605246161616,Large (26-100),0
Mexico,MX,MEX,North America,Central America,32,29,23,0,31,90.625,71.875,0.0,96.875,3.4965075614664802,Large (26-100),0
Finland,FI,FIN,Europe,Northern Europe,31,18,18,19,23,58.064516129032256,58.064516129032256,61.29032258064516,74.19354838709677,3.4657359027997265,Large (26-100),0
Sweden,SE,SWE,Europe,Northern Europe,31,25,24,4,24,80.64516129032258,77.41935483870968,12.903225806451612,77.41935483870968,3.4657359027997265,Large (26-100),0
Poland,PL,POL,Europe,Eastern Europe,29,21,16,21,26,72.41379310344827,55.172413793103445,72.41379310344827,89.65517241379311,3.4011973816621555,Large (26-100),0
Chile,CL,CHL,South America,South America,26,23,11,4,21,88.46153846153847,42.30769230769231,15.384615384615385,80.76923076923077,3.295836866004329,Large (26-100),0
Iceland,IS,ISL,Europe,Northern Europe,25,22,20,17,24,88.0,80.0,68.0,96.0,3.258096538021482,Medium (6-25),0
Denmark,DK,DNK,Europe,Northern Europe,24,17,17,0,19,70.83333333333333,70.83333333333333,0.0,79.16666666666667,3.2188758248682006,Medium (6-25),0
Malaysia,MY,MYS,Asia,South-Eastern Asia,24,8,1,2,19,33.333333333333336,4.166666666666667,8.333333333333334,79.16666666666667,3.2188758248682006,Medium (6-25),0
Czechia,CZ,CZE,Europe,Eastern Europe,23,23,11,3,14,100.0,47.82608695652174,13.043478260869565,60.869565217391305,3.1780538303479458,Medium (6-25),0
Hungary,HU,HUN,Europe,Eastern Europe,22,13,16,13,10,59.09090909090909,72.72727272727273,59.09090909090909,45.45454545454545,3.1354942159291497,Medium (6-25),0
Iran,IR,IRN,Asia,Southern Asia,22,19,6,4,11,86.36363636363636,27.272727272727273,18.181818181818183,50.0,3.1354942159291497,Medium (6-25),0
Norway,NO,NOR,Europe,Northern Europe,18,10,7,1,15,55.55555555555556,38.888888888888886,5.555555555555555,83.33333333333333,2.9444389791664403,Medium (6-25),0
Philippines,PH,PHL,Asia,South-Eastern Asia,18,13,5,4,7,72.22222222222223,27.77777777777778,22.22222222222222,38.888888888888886,2.9444389791664403,Medium (6-25),0
Portugal,PT,PRT,Europe,Southern Europe,18,9,9,1,14,50.0,50.0,5.555555555555555,77.77777777777777,2.9444389791664403,Medium (6-25),0
Hong Kong S.A.R.,HK,HKG,Asia,Eastern Asia,17,12,3,2,17,70.58823529411765,17.647058823529413,11.764705882352942,100.0,2.8903717578961645,Medium (6-25),0
Turkey,TR,TUR,Asia,Western Asia,17,16,11,5,12,94.11764705882354,64.70588235294117,29.41176470588235,70.58823529411765,2.8903717578961645,Medium (6-25),0
United Arab Emirates,AE,ARE,Asia,Western Asia,16,13,10,2,13,81.25,62.5,12.5,81.25,2.833213344056216,Medium (6-25),0
Austria,AT,AUT,Europe,Western Europe,15,14,9,10,12,93.33333333333333,60.0,66.66666666666667,80.0,2.772588722239781,Medium (6-25),0
South Korea,KR,KOR,Asia,Eastern Asia,14,11,8,2,12,78.57142857142857,57.142857142857146,14.285714285714286,85.71428571428571,2.70805020110221,Medium (6-25),0
Croatia,HR,HRV,Europe,Southern Europe,13,11,9,2,4,84.61538461538461,69.23076923076923,15.384615384615385,30.76923076923077,2.6390573296152584,Medium (6-25),0
Venezuela,VE,VEN,South America,South America,13,12,12,4,9,92.3076923076923,92.3076923076923,30.76923076923077,69.23076923076923,2.6390573296152584,Medium (6-25),0
Colombia,CO,COL,South America,South America,11,6,1,0,10,54.54545454545455,9.090909090909092,0.0,90.9090909090909,2.4849066497880004,Medium (6-25),0
Luxembourg,LU,LUX,Europe,Western Europe,10,9,4,7,9,90.0,40.0,70.0,90.0,2.3978952727983707,Medium (6-25),0
Pakistan,PK,PAK,Asia,Southern Asia,10,10,1,0,1,100.0,10.0,0.0,10.0,2.3978952727983707,Medium (6-25),0
Peru,PE,PER,South America,South America,10,9,7,2,6,90.0,70.0,20.0,60.0,2.3978952727983707,Medium (6-25),0
Taiwan,TW,TWN,Asia,Eastern Asia,10,4,2,3,9,40.0,20.0,30.0,90.0,2.3978952727983707,Medium (6-25),0
Vietnam,VN,VNM,Asia,South-Eastern Asia,10,9,9,0,8,90.0,90.0,0.0,80.0,2.3978952727983707,Medium (6-25),0
Greece,GR,GRC,Europe,Southern Europe,8,7,2,1,7,87.5,25.0,12.5,87.5,2.1972245773362196,Medium (6-25),0
Bulgaria,BG,BGR,Europe,Eastern Europe,7,7,4,0,3,100.0,57.142857142857146,0.0,42.857142857142854,2.0794415416798357,Medium (6-25),0
Costa Rica,CR,CRI,North America,Central America,7,7,4,1,5,100.0,57.142857142857146,14.285714285714286,71.42857142857143,2.0794415416798357,Medium (6-25),0
Bangladesh,BD,BGD,Asia,Southern Asia,6,3,0,0,5,50.0,0.0,0.0,83.33333333333333,1.9459101490553132,Medium (6-25),0
Ecuador,EC,ECU,South America,South America,6,6,2,1,2,100.0,33.333333333333336,16.666666666666668,33.333333333333336,1.9459101490553132,Medium (6-25),0
Kazakhstan,KZ,KAZ,Asia,Central Asia,6,5,0,0,4,83.33333333333333,0.0,0.0,66.66666666666667,1.9459101490553132,Medium (6-25),0
Latvia,LV,LVA,Europe,Northern Europe,6,0,3,1,1,0.0,50.0,16.666666666666668,16.666666666666668,1.9459101490553132,Medium (6-25),0
Morocco,MA,MAR,Africa,Northern Africa,6,6,1,1,1,100.0,16.666666666666668,16.666666666666668,16.666666666666668,1.9459101490553132,Medium (6-25),0
Ukraine,UA,UKR,Europe,Eastern Europe,6,3,3,0,1,50.0,50.0,0.0,16.666666666666668,1.9459101490553132,Medium (6-25),0
Israel,IL,ISR,Asia,Western Asia,5,1,0,0,4,20.0,0.0,0.0,80.0,1.791759469228055,Small (1-5),0
Lithuania,LT,LTU,Europe,Northern Europe,5,1,2,3,5,20.0,40.0,60.0,100.0,1.791759469228055,Small (1-5),0
Romania,RO,ROU,Europe,Eastern Europe,5,4,2,3,0,80.0,40.0,60.0,0.0,1.791759469228055,Small (1-5),0
Slovakia,SK,SVK,Europe,Eastern Europe,5,4,3,0,3,80.0,60.0,0.0,60.0,1.791759469228055,Small (1-5),0
Thailand,TH,THA,Asia,South-Eastern Asia,5,4,1,0,5,80.0,20.0,0.0,100.0,1.791759469228055,Small (1-5),0
Azerbaijan,AZ,AZE,Asia,Western Asia,4,4,1,0,3,100.0,25.0,0.0,75.0,1.6094379124341003,Small (1-5),0
Bahrain,BH,BHR,Asia,Western Asia,4,4,4,0,4,100.0,100.0,0.0,100.0,1.6094379124341003,Small (1-5),0
El Salvador,SV,SLV,North America,Central America,4,2,0,0,4,50.0,0.0,0.0,100.0,1.6094379124341003,Small (1-5),0
Iraq,IQ,IRQ,Asia,Western Asia,4,4,1,0,1,100.0,25.0,0.0,25.0,1.6094379124341003,Small (1-5),0
Belarus,BY,BLR,Europe,Eastern Europe,3,2,2,2,3,66.66666666666667,66.66666666666667,66.66666666666667,100.0,1.3862943611198906,Small (1-5),0
Georgia,GE,GEO,Asia,Western Asia,3,3,0,0,2,100.0,0.0,0.0,66.66666666666667,1.3862943611198906,Small (1-5),0
Slovenia,SI,SVN,Europe,Southern Europe,3,2,1,0,2,66.66666666666667,33.333333333333336,0.0,66.66666666666667,1.3862943611198906,Small (1-5),0
Armenia,AM,ARM,Asia,Western Asia,2,2,2,1,1,100.0,100.0,50.0,50.0,1.0986122886681098,Small (1-5),0
Bolivia,BO,BOL,South America,South America,2,2,1,2,1,100.0,50.0,100.0,50.0,1.0986122886681098,Small (1-5),0
Ghana,GH,GHA,Africa,Western Africa,2,2,1,0,1,100.0,50.0,0.0,50.0,1.0986122886681098,Small (1-5),0
Isle of Man,IM,IMN,Europe,Northern Europe,2,2,1,2,2,100.0,50.0,100.0,100.0,1.0986122886681098,Small (1-5),0
Kenya,KE,KEN,Africa,Eastern Africa,2,1,0,0,0,50.0,0.0,0.0,0.0,1.0986122886681098,Small (1-5),0
Lebanon,LB,LBN,Asia,Western Asia,2,2,1,0,1,100.0,50.0,0.0,50.0,1.0986122886681098,Small (1-5),0
Lesotho,LS,LSO,Africa,Southern Africa,2,0,0,0,2,0.0,0.0,0.0,100.0,1.0986122886681098,Small (1-5),0
Malawi,MW,MWI,Africa,Eastern Africa,2,2,0,0,1,100.0,0.0,0.0,50.0,1.0986122886681098,Small (1-5),0
Moldova,MD,MDA,Europe,Eastern Europe,2,2,0,1,0,100.0,0.0,50.0,0.0,1.0986122886681098,Small (1-5),0
Nepal,NP,NPL,Asia,Southern Asia,2,2,1,0,0,100.0,50.0,0.0,0.0,1.0986122886681098,Small (1-5),0
North Macedonia,MK,MKD,Europe,Southern Europe,2,1,1,0,2,50.0,50.0,0.0,100.0,1.0986122886681098,Small (1-5),0
Papua New Guinea,PG,PNG,Oceania,Melanesia,2,1,1,0,2,50.0,50.0,0.0,100.0,1.0986122886681098,Small (1-5),0
Puerto Rico,PR,PRI,North America,Caribbean,2,1,2,1,1,50.0,100.0,50.0,50.0,1.0986122886681098,Small (1-5),0
Republic of Serbia,RS,SRB,Europe,Southern Europe,2,1,1,0,2,50.0,50.0,0.0,100.0,1.0986122886681098,Small (1-5),0
Saudi Arabia,SA,SAU,Asia,Western Asia,2,1,1,0,2,50.0,50.0,0.0,100.0,1.0986122886681098,Small (1-5),0
Sri Lanka,LK,LKA,Asia,Southern Asia,2,2,1,1,1,100.0,50.0,50.0,50.0,1.0986122886681098,Small (1-5),0
Uganda,UG,UGA,Africa,Eastern Africa,2,2,1,0,1,100.0,50.0,0.0,50.0,1.0986122886681098,Small (1-5),0
Uruguay,UY,URY,South America,South America,2,2,2,1,1,100.0,100.0,50.0,50.0,1.0986122886681098,Small (1-5),0
Albania,AL,ALB,Europe,Southern Europe,1,1,0,0,1,100.0,0.0,0.0,100.0,0.6931471805599453,Small (1-5),0
Angola,AO,AGO,Africa,Middle Africa,1,0,0,0,1,0.0,0.0,0.0,100.0,0.6931471805599453,Small (1-5),0
Bhutan,BT,BTN,Asia,Southern Asia,1,1,1,0,0,100.0,100.0,0.0,0.0,0.6931471805599453,Small (1-5),0
Cabo Verde,CV,CPV,Africa,Western Africa,1,1,0,0,0,100.0,0.0,0.0,0.0,0.6931471805599453,Small (1-5),0
Curaçao,CW,CUW,North America,Caribbean,1,1,0,0,1,100.0,0.0,0.0,100.0,0.6931471805599453,Small (1-5),0
Dominican Republic,DO,DOM,North America,Caribbean,1,1,1,0,0,100.0,100.0,0.0,0.0,0.6931471805599453,Small (1-5),0
Egypt,EG,EGY,Africa,Northern Africa,1,1,1,0,0,100.0,100.0,0.0,0.0,0.6931471805599453,Small (1-5),0
Ethiopia,ET,ETH,Africa,Eastern Africa,1,0,0,0,1,0.0,0.0,0.0,100.0,0.6931471805599453,Small (1-5),0
Faroe Islands,FO,FRO,Europe,Northern Europe,1,1,0,0,0,100.0,0.0,0.0,0.0,0.6931471805599453,Small (1-5),0
Ivory Coast,CI,CIV,Africa,Western Africa,1,1,1,0,1,100.0,100.0,0.0,100.0,0.6931471805599453,Small (1-5),0
Kosovo,XK,XKX,Europe,Southern Europe,1,1,0,1,0,100.0,0.0,100.0,0.0,0.6931471805599453,Small (1-5),0
Laos,LA,LAO,Asia,South-Eastern Asia,1,1,0,0,1,100.0,0.0,0.0,100.0,0.6931471805599453,Small (1-5),0
Macao S.A.R,MO,MAC,Asia,Eastern Asia,1,1,0,0,1,100.0,0.0,0.0,100.0,0.6931471805599453,Small (1-5),0
Madagascar,MG,MDG,Africa,Eastern Africa,1,0,0,0,1,0.0,0.0,0.0,100.0,0.6931471805599453,Small (1-5),0
Mauritius,MU,MUS,Seven seas (open ocean),Eastern Africa,1,1,1,0,1,100.0,100.0,0.0,100.0,0.6931471805599453,Small (1-5),0
Mozambique,MZ,MOZ,Africa,Eastern Africa,1,1,0,0,0,100.0,0.0,0.0,0.0,0.6931471805599453,Small (1-5),0
Nauru,NR,NRU,Oceania,Micronesia,1,1,0,0,0,100.0,0.0,0.0,0.0,0.6931471805599453,Small (1-5),0
New Caledonia,NC,NCL,Oceania,Melanesia,1,1,1,1,1,100.0,100.0,100.0,100.0,0.6931471805599453,Small (1-5),0
Nigeria,NG,NGA,Africa,Western Africa,1,1,1,0,0,100.0,100.0,0.0,0.0,0.6931471805599453,Small (1-5),0
Palestine,PS,PSE,Asia,Western Asia,1,1,0,0,1,100.0,0.0,0.0,100.0,0.6931471805599453,Small (1-5),0
Panama,PA,PAN,North America,Central America,1,1,0,0,1,100.0,0.0,0.0,100.0,0.6931471805599453,Small (1-5),0
Paraguay,PY,PRY,South America,South America,1,1,0,0,0,100.0,0.0,0.0,0.0,0.6931471805599453,Small (1-5),0
Syria,SY,SYR,Asia,Western Asia,1,1,0,0,0,100.0,0.0,0.0,0.0,0.6931471805599453,Small (1-5),0
Trinidad and Tobago,TT,TTO,North America,Caribbean,1,1,1,1,1,100.0,100.0,100.0,100.0,0.6931471805599453,Small (1-5),0
Tunisia,TN,TUN,Africa,Northern Africa,1,1,0,0,0,100.0,0.0,0.0,0.0,0.6931471805599453,Small (1-5),0
Tuvalu,TV,TUV,Oceania,Polynesia,1,1,0,0,1,100.0,0.0,0.0,100.0,0.6931471805599453,Small (1-5),0
United Republic of Tanzania,TZ,TZA,Africa,Eastern Africa,1,0,1,0,1,0.0,100.0,0.0,100.0,0.6931471805599453,Small (1-5),0
Uzbekistan,UZ,UZB,Asia,Central Asia,1,1,1,0,0,100.0,100.0,0.0,0.0,0.6931471805599453,Small (1-5),0
